Booking time ,email_id,ticket_id
07-04-2022 15:06,dcobby0@amazon.co.uk,1
14-04-2022 09:28,acastaignet2@digg.com,2
18-04-2022 17:30,pbrockman4@princeton.edu,3
19-04-2022 19:54,easpin6@bing.com,4
24-04-2022 13:04,dcullivang@springer.com,5
23-04-2022 09:06,nreaveleya@abc.net.au ,6
27-04-2022 18:07,iarkcollm@answers.com,7
29-04-2022 11:04,tblakero@telegraph.co.uk,8
02-04-2022 00:00,neburneq@imageshack.us,9
03-04-2022 13:03,ksaintepauls@edublogs.org,10
,,
23-04-2022 23:14,dcobby@amazon.co.uk,11
